{
  "id":"hackesofice.messanger_Ax",
  "name":"Messanger-Ax",
  "main":"main.js",
  "version":"1.0.0",
  "readme":"readme.md",
  "icon":"icon.png",
  "files": ["all"],
  "minVersionCode":290,
  "license":"",
  "changelogs":"changelogs.md",
  "keywords":["chat", "acode chat", "messanger", "Messanger-Ax"],
  "price":10000,
  "repository":"https://github.com/hackesofice/Acode-messanger.git",
  "author":{
    "name":"HACKESOFICE",
    "email":"hackesofice@gmail.com",
    "github":"hackesofice"
  }
}
